key,locked,ki_datum,ha,aa,p_model,p_ki,p_markt
3-LAC-BUF,2026-09-27T14:42+00:00,2026-09-27,0,0,0.8549,0.8549,0.7332
3-CAR-CLE,2026-09-27T14:42+00:00,2026-09-27,0,0,0.5232,0.5232,0.4485
3-NYJ-DET,2026-09-27T14:42+00:00,2026-09-27,0,0,0.8118,0.8118,0.7218
3-HOU-IND,2026-09-27T14:42+00:00,2026-09-27,0,0,0.4787,0.4787,0.4675
3-NE-JAX,2026-09-27T14:42+00:00,2026-09-27,0,0,0.5829,0.5829,0.5823
3-KC-MIA,2026-09-27T14:42+00:00,2026-09-27,0,0,0.3170,0.3170,0.1922
3-TEN-NYG,2026-09-27T14:42+00:00,2026-09-27,-55,0,0.7102,0.6552,0.5426
3-CIN-PIT,2026-09-27T14:42+00:00,2026-09-27,0,0,0.4110,0.4110,0.3775
3-SEA-WAS,2026-09-27T14:42+00:00,2026-09-27,-45,10,0.1873,0.1516,0.2279
