woche,key,art,pick,p,quote,ev,einsatz,locked,p_markt
4,4-NYJ-CHI,schein,CHI,0.7395,1.54,0.1388,2.00,2026-10-04T14:47+00:00,0.6225
4,4-ARI-NYG,vergleich,ARI,,1.74,,1.00,2026-10-04T14:47+00:00,
4,4-DAL-HOU,vergleich,HOU,,1.68,,1.00,2026-10-04T14:47+00:00,
4,4-GB-TB,vergleich,GB,,1.59,,1.00,2026-10-04T14:47+00:00,
4,4-IND-WAS,vergleich,IND,,1.49,,1.00,2026-10-04T12:17+00:00,
4,4-JAX-CIN,vergleich,CIN,,1.70,,1.00,2026-10-04T14:47+00:00,
4,4-LA-PHI,vergleich,LA,,1.51,,1.00,2026-10-04T14:47+00:00,
4,4-NE-BUF,vergleich,BUF,,1.31,,1.00,2026-10-04T14:47+00:00,
4,4-NYJ-CHI,vergleich,CHI,,1.54,,1.00,2026-10-04T14:47+00:00,
4,4-TEN-BAL,vergleich,BAL,,1.14,,1.00,2026-10-04T14:47+00:00,
