key,model_pick,vegas_pick,locked,p_model,p_mkt_lock,edge_src,status
1-NE-SEA,SEA,SEA,2026-08-25,0.6392,0.6158,elo_diff,
1-SF-LA,LA,LA,2026-08-25,0.6649,0.6225,elo_diff,
1-CHI-CAR,CHI,CHI,2026-08-25,0.5732,0.5641,elo_diff,
1-TB-CIN,CIN,CIN,2026-08-25,0.6322,0.6361,qb_diff,
1-NO-DET,DET,DET,2026-08-25,0.6362,0.7218,elo_diff,
1-BUF-HOU,BUF,BUF,2026-08-25,0.5038,0.5170,qb_diff,
1-BAL-IND,BAL,BAL,2026-08-25,0.5578,0.6095,elo_diff,
1-CLE-JAX,JAX,JAX,2026-08-25,0.8032,0.7605,elo_diff,
1-ATL-PIT,PIT,PIT,2026-08-25,0.5710,0.6095,elo_diff,
1-NYJ-TEN,TEN,TEN,2026-08-25,0.5693,0.5714,qb_diff,
1-ARI-LAC,LAC,LAC,2026-08-25,0.7056,0.8178,elo_diff,
1-MIA-LV,LV,LV,2026-08-25,0.5180,0.6444,elo_diff,
1-GB-MIN,MIN,MIN,2026-08-25,0.5633,0.5170,qb_diff,
1-WAS-PHI,PHI,PHI,2026-08-25,0.7174,0.6573,elo_diff,
1-DAL-NYG,NYG,DAL,2026-08-25,0.5036,0.4286,qb_diff,
1-DEN-KC,DEN,KC,2026-08-25,0.5759,0.4286,elo_diff,
2-DET-BUF,BUF,BUF,2026-09-17T14:09+00:00,0.7088,0.6751,elo_diff,fix
2-CAR-ATL,CAR,CAR,2026-09-20T13:29+00:00,0.5098,0.5823,inj_diff,fix
2-NO-BAL,BAL,BAL,2026-09-20T13:29+00:00,0.7131,0.7567,elo_diff,fix
2-MIN-CHI,CHI,CHI,2026-09-20T13:29+00:00,0.7093,0.6444,inj_diff,fix
2-CIN-HOU,HOU,HOU,2026-09-20T13:29+00:00,0.5575,0.5714,elo_diff,fix
2-PIT-NE,NE,NE,2026-09-20T13:29+00:00,0.6923,0.6697,elo_diff,fix
2-GB-NYJ,GB,GB,2026-09-20T13:29+00:00,0.6112,0.6311,elo_diff,fix
2-CLE-TB,TB,TB,2026-09-20T13:29+00:00,0.6917,0.7762,elo_diff,fix
2-PHI-TEN,PHI,PHI,2026-09-20T13:29+00:00,0.7545,0.7261,elo_diff,fix
2-JAX-DEN,JAX,DEN,2026-09-20T13:29+00:00,0.6752,0.4286,cpoe_diff,fix
2-LV-LAC,LAC,LAC,2026-09-20T13:29+00:00,0.6553,0.7261,elo_diff,fix
2-SEA-ARI,SEA,SEA,2026-09-20T13:29+00:00,0.6703,0.6444,elo_diff,fix
2-WAS-DAL,DAL,DAL,2026-09-20T13:29+00:00,0.5618,0.6573,cpoe_diff,fix
2-MIA-SF,SF,SF,2026-09-20T13:29+00:00,0.7923,0.8672,elo_diff,fix
2-IND-KC,KC,KC,2026-09-20T21:44+00:00,0.6535,0.6954,elo_diff,fix
2-NYG-LA,LA,LA,2026-09-21T20:00+00:00,0.5826,0.7173,elo_diff,offen
3-ATL-GB,GB,GB,2026-09-24T19:10+00:00,0.6260,0.6803,elo_diff,offen
3-LAC-BUF,BUF,BUF,2026-09-27T14:06+00:00,0.8549,0.7332,elo_diff,fix
3-CAR-CLE,CLE,CAR,2026-09-27T14:06+00:00,0.5232,0.4485,qb_diff,fix
3-NYJ-DET,DET,DET,2026-09-27T14:06+00:00,0.8118,0.7218,elo_diff,fix
3-HOU-IND,HOU,HOU,2026-09-27T14:06+00:00,0.5213,0.5325,elo_diff,fix
3-NE-JAX,JAX,JAX,2026-09-27T14:06+00:00,0.5829,0.5823,elo_diff,fix
3-KC-MIA,KC,KC,2026-09-27T14:06+00:00,0.6830,0.8078,elo_diff,fix
3-TEN-NYG,NYG,NYG,2026-09-27T14:06+00:00,0.7102,0.5426,elo_diff,fix
3-CIN-PIT,CIN,CIN,2026-09-27T14:06+00:00,0.5890,0.6225,qb_diff,fix
3-SEA-WAS,SEA,SEA,2026-09-27T14:06+00:00,0.8127,0.7721,elo_diff,fix
3-ARI-SF,SF,SF,2026-09-27T17:00+00:00,0.7937,0.7664,elo_diff,fix
3-MIN-TB,MIN,MIN,2026-09-27T17:00+00:00,0.6598,0.5222,elo_diff,fix
3-BAL-DAL,BAL,BAL,2026-09-27T17:00+00:00,0.5666,0.6000,elo_diff,fix
3-LV-NO,NO,NO,2026-09-27T17:00+00:00,0.6550,0.6311,elo_diff,fix
3-LA-DEN,DEN,LA,2026-09-27T19:47+00:00,0.5272,0.4574,qb_diff,offen
3-PHI-CHI,PHI,PHI,2026-09-28T21:15+00:00,0.5649,0.6311,inj_diff,offen
4-PIT-CLE,PIT,PIT,2026-10-01T20:21+00:00,0.5012,0.5714,elo_diff,offen
4-IND-WAS,IND,IND,2026-10-04T10:40+00:00,0.5435,0.6573,inj_diff,fix
4-TEN-BAL,BAL,BAL,2026-10-04T12:17+00:00,0.8362,0.8469,elo_diff,fix
4-NE-BUF,BUF,BUF,2026-10-04T12:17+00:00,0.7440,0.7173,elo_diff,fix
4-NYJ-CHI,CHI,CHI,2026-10-04T12:17+00:00,0.7395,0.6225,elo_diff,fix
4-JAX-CIN,JAX,CIN,2026-10-04T12:17+00:00,0.5789,0.4359,elo_diff,fix
4-DAL-HOU,HOU,HOU,2026-10-04T12:17+00:00,0.5749,0.5714,elo_diff,fix
4-ARI-NYG,NYG,ARI,2026-10-04T12:17+00:00,0.6030,0.4485,elo_diff,fix
4-LA-PHI,LA,LA,2026-10-04T12:17+00:00,0.5437,0.6158,inj_diff,fix
4-GB-TB,GB,GB,2026-10-04T12:17+00:00,0.6292,0.6000,inj_diff,fix
4-MIA-MIN,MIN,MIN,2026-10-04T17:01+00:00,0.8112,0.8078,elo_diff,fix
4-KC-LV,KC,KC,2026-10-04T17:01+00:00,0.6307,0.6643,elo_diff,fix
4-LAC-SEA,SEA,SEA,2026-10-04T17:01+00:00,0.8627,0.7505,elo_diff,fix
4-DEN-SF,SF,SF,2026-10-04T17:01+00:00,0.6339,0.5930,qb_diff,fix
4-DET-CAR,DET,DET,2026-10-04T19:41+00:00,0.6439,0.6361,elo_diff,offen
4-ATL-NO,ATL,NO,2026-10-05T14:30+00:00,0.5291,0.4778,qb_diff,fix
5-TB-DAL,DAL,DAL,2026-10-08T20:42+00:00,0.7514,0.8000,qb_diff,offen
5-PHI-JAX,JAX,JAX,2026-10-08T20:42+00:00,0.7236,0.7440,elo_diff,offen
5-CHI-GB,CHI,CHI,2026-10-08T20:42+00:00,0.5573,0.5426,elo_diff,offen
5-CIN-MIA,CIN,CIN,2026-10-08T20:42+00:00,0.6810,0.7332,elo_diff,offen
5-LV-NE,NE,NE,2026-10-08T20:42+00:00,0.7201,0.6361,elo_diff,offen
5-MIN-NO,MIN,MIN,2026-10-08T20:42+00:00,0.6546,0.5714,elo_diff,offen
5-CLE-NYJ,CLE,NYJ,2026-10-08T20:42+00:00,0.5732,0.4485,elo_diff,offen
5-IND-PIT,PIT,PIT,2026-10-08T20:42+00:00,0.5611,0.5641,elo_diff,offen
5-HOU-TEN,HOU,HOU,2026-10-08T20:42+00:00,0.7180,0.7762,elo_diff,offen
5-NYG-WAS,WAS,WAS,2026-10-08T20:42+00:00,0.5362,0.6311,elo_diff,offen
5-DEN-LAC,DEN,DEN,2026-10-08T20:42+00:00,0.6566,0.6225,elo_diff,offen
5-DET-ARI,DET,DET,2026-10-08T20:42+00:00,0.6760,0.6904,elo_diff,offen
5-SF-SEA,SEA,SEA,2026-10-08T20:42+00:00,0.5353,0.5930,qb_diff,offen
5-BAL-ATL,BAL,ATL,2026-10-08T20:42+00:00,0.5330,0.3965,elo_diff,offen
5-BUF-LA,BUF,LA,2026-10-08T20:42+00:00,0.5170,0.4000,elo_diff,offen
6-SEA-DEN,SEA,SEA,2026-10-08T20:42+00:00,0.5799,0.5325,elo_diff,offen
6-HOU-JAX,JAX,JAX,2026-10-08T20:42+00:00,0.7194,0.6095,elo_diff,offen
6-CHI-ATL,CHI,CHI,2026-10-08T20:42+00:00,0.5140,0.5325,elo_diff,offen
6-BAL-CLE,BAL,BAL,2026-10-08T20:42+00:00,0.6469,0.5823,elo_diff,offen
6-TEN-IND,IND,IND,2026-10-08T20:42+00:00,0.7603,0.7261,elo_diff,offen
6-NYJ-NE,NE,NE,2026-10-08T20:42+00:00,0.8113,0.7415,elo_diff,offen
6-NO-NYG,NYG,NO,2026-10-08T20:42+00:00,0.5995,0.4830,elo_diff,offen
6-CAR-PHI,PHI,PHI,2026-10-08T20:42+00:00,0.5925,0.5325,elo_diff,offen
6-PIT-TB,PIT,PIT,2026-10-08T20:42+00:00,0.6558,0.5823,inj_diff,offen
6-ARI-LA,LA,LA,2026-10-08T20:42+00:00,0.7997,0.8271,elo_diff,offen
6-LAC-KC,KC,KC,2026-10-08T20:42+00:00,0.7661,0.7605,elo_diff,offen
6-BUF-LV,BUF,BUF,2026-10-08T20:42+00:00,0.7006,0.6697,elo_diff,offen
6-DAL-GB,GB,DAL,2026-10-08T20:42+00:00,0.6059,0.4359,inj_diff,offen
6-WAS-SF,SF,SF,2026-10-08T20:42+00:00,0.8287,0.7721,elo_diff,offen
